{
    "HEADER": {
        "num_players": 3,
        "bot_types": [
            0,
            1,
            0
        ]
    },
    "SC_STUFF": {
        "cooperation_score": 0,
        "avg_rise": 1.0,
        "results": {
            "0": [
                10,
                0
            ],
            "1": [
                10,
                0
            ],
            "2": [
                10,
                3
            ]
        },
        "result_sums": [
            10,
            10,
            13
        ],
        "num_rounds": 1,
        "sums_per_round": {
            "0": [
                10,
                10
            ],
            "1": [
                10,
                10
            ],
            "2": [
                10,
                13
            ]
        },
        "cv": 0.128564869306645,
        "influence": [
            [
                16.260133517495397,
                0.0,
                22.250709023941074
            ],
            [
                0.0,
                33.89243093922652,
                0.0
            ],
            [
                17.757688766114182,
                0.0,
                23.527196132596686
            ]
        ],
        "utility_per_round": [
            [
                10,
                10
            ],
            [
                10,
                10
            ],
            [
                10,
                13
            ]
        ],
        "avg_utility_per_round": [
            10.0,
            11.0
        ]
    },
    "JHG_STUFF": {
        "b": 0.004816386640906355,
        "pop": [
            [
                100,
                93.83333333333333,
                98.01782228360959
            ],
            [
                100,
                99.0,
                97.89243093922653
            ],
            [
                100,
                108.83333333333333,
                109.77790515653777
            ]
        ],
        "cv": 0.05469835376559802,
        "influence": [
            [
                16.260133517495397,
                0.0,
                22.250709023941074
            ],
            [
                0.0,
                33.89243093922652,
                0.0
            ],
            [
                17.757688766114182,
                0.0,
                23.527196132596686
            ]
        ],
        "pop_per_round": [
            100,
            100.55555555555554,
            101.89605279312462
        ]
    }
}