{
    "HEADER": {
        "num_players": 6,
        "bot_types": [
            1,
            1,
            1,
            1,
            1,
            1
        ]
    },
    "SC_STUFF": {
        "cooperation_score": 1.0,
        "avg_rise": 3.7666666666666666,
        "results": {
            "0": [
                10,
                9,
                5,
                1,
                5,
                7
            ],
            "1": [
                10,
                3,
                6,
                2,
                10,
                7
            ],
            "2": [
                10,
                5,
                4,
                1,
                9,
                -2
            ],
            "3": [
                10,
                5,
                -4,
                3,
                6,
                4
            ],
            "4": [
                10,
                3,
                2,
                -1,
                4,
                0
            ],
            "5": [
                10,
                4,
                8,
                0,
                6,
                1
            ]
        },
        "result_sums": [
            37,
            38,
            27,
            24,
            18,
            29
        ],
        "num_rounds": 5,
        "sums_per_round": {
            "0": [
                10,
                19,
                24,
                25,
                30,
                37
            ],
            "1": [
                10,
                13,
                19,
                21,
                31,
                38
            ],
            "2": [
                10,
                15,
                19,
                20,
                29,
                27
            ],
            "3": [
                10,
                15,
                11,
                14,
                20,
                24
            ],
            "4": [
                10,
                13,
                15,
                14,
                18,
                18
            ],
            "5": [
                10,
                14,
                22,
                22,
                28,
                29
            ]
        },
        "cv": 0.21045785544368453,
        "influence": [
            [
                27.080262431716246,
                7.414760274140483,
                29.169818007873843,
                4.495944690863735,
                -4.412386368084552,
                6.076656875388542
            ],
            [
                5.445369874598248,
                160.06595583840505,
                -29.79331864500482,
                2.4939623641628628,
                -29.34071630663093,
                34.20494435199728
            ],
            [
                17.691501745544162,
                10.605664981118252,
                34.62781883612658,
                -24.147774746435957,
                9.83138604504553,
                29.585278823287435
            ],
            [
                1.7900012410176058,
                6.534630768787281,
                -31.777591086246442,
                115.5577683458647,
                -3.762999823858641,
                -21.69740755582997
            ],
            [
                0.0,
                -3.5067645670205887,
                5.915369666913066,
                -1.4786915206525117,
                19.05123561440305,
                -0.1865108888442471
            ],
            [
                3.313905677669808,
                32.36642151564833,
                32.86937645718482,
                12.76981469764878,
                1.7615331655255397,
                32.22231264053721
            ]
        ],
        "utility_per_round": [
            [
                10,
                19,
                24,
                25,
                30,
                37
            ],
            [
                10,
                13,
                19,
                21,
                31,
                38
            ],
            [
                10,
                15,
                19,
                20,
                29,
                27
            ],
            [
                10,
                15,
                11,
                14,
                20,
                24
            ],
            [
                10,
                13,
                15,
                14,
                18,
                18
            ],
            [
                10,
                14,
                22,
                22,
                28,
                29
            ]
        ],
        "avg_utility_per_round": [
            10.0,
            14.833333333333334,
            18.333333333333332,
            19.333333333333332,
            26.0,
            28.833333333333332
        ]
    },
    "JHG_STUFF": {
        "b": 0.011260701771595685,
        "pop": [
            [
                100,
                86.91666666666667,
                94.35891991725771,
                95.5043927584343,
                90.49555194467963,
                82.70224941578141,
                76.12496482968326,
                73.02597765686048,
                74.24353308266922,
                71.4769695317182,
                74.04601738835579,
                82.8538309714582,
                62.19298864414607
            ],
            [
                100,
                95.16666666666667,
                108.81584810874708,
                125.51422722949403,
                129.17551879200238,
                131.87423561852012,
                147.14795453397483,
                155.47545937879303,
                154.75186757042442,
                186.98066621118383,
                222.87589675096604,
                218.8275930633954,
                220.35261648467883
            ],
            [
                100,
                103.83333333333334,
                105.28599881796691,
                109.70101722400898,
                111.26177176253104,
                116.67976460239296,
                120.76856315768404,
                116.15800421366173,
                119.77863219333778,
                107.58455015169798,
                119.81706183618708,
                86.43958018058328,
                47.88342091044706
            ],
            [
                100,
                116.66666666666667,
                117.46792257683217,
                120.20578400206958,
                137.62276613676957,
                145.94248955650374,
                155.40017108387906,
                182.7976280251751,
                190.77207207014456,
                173.80607570906304,
                114.89020835700428,
                99.30497214452012,
                116.5629715050516
            ],
            [
                100,
                113.33333333333334,
                112.70562352245864,
                113.99756784035073,
                110.29544733459153,
                113.83499000216429,
                85.79344600643209,
                88.47710872270663,
                69.4423386197295,
                68.46470463329445,
                54.43706158276884,
                0.0,
                0.0
            ],
            [
                100,
                110.75,
                121.01621158392437,
                130.0343067789562,
                142.76520885247697,
                158.39603880356393,
                159.34017881965445,
                121.9396163882021,
                112.9188347671446,
                124.4327436234077,
                79.68693746742855,
                90.31950460449501,
                87.07722192013625
            ]
        ],
        "cv": 0.772204787814666,