{
    "HEADER": {
        "num_players": 3,
        "bot_types": [
            0,
            1,
            0
        ]
    },
    "SC_STUFF": {
        "cooperation_score": 1.0,
        "avg_rise": 3.6666666666666665,
        "results": {
            "0": [
                10,
                0,
                5,
                3
            ],
            "1": [
                10,
                0,
                9,
                5
            ],
            "2": [
                10,
                3,
                2,
                6
            ]
        },
        "result_sums": [
            18,
            24,
            21
        ],
        "num_rounds": 3,
        "sums_per_round": {
            "0": [
                10,
                10,
                15,
                18
            ],
            "1": [
                10,
                10,
                19,
                24
            ],
            "2": [
                10,
                13,
                15,
                21
            ]
        },
        "cv": 0.128564869306645,
        "influence": [
            [
                60.87310190445673,
                0.0,
                9.260802063327429
            ],
            [
                0.0,
                67.4214732349936,
                0.0
            ],
            [
                7.265153899438802,
                0.0,
                70.24781152978237
            ]
        ],
        "utility_per_round": [
            [
                10,
                10,
                15,
                18
            ],
            [
                10,
                10,
                19,
                24
            ],
            [
                10,
                13,
                15,
                21
            ]
        ],
        "avg_utility_per_round": [
            10.0,
            11.0,
            16.333333333333332,
            21.0
        ]
    },
    "JHG_STUFF": {
        "b": -0.0008380635884513739,
        "pop": [
            [
                100,
                93.83333333333333,
                98.01782228360959,
                97.20230691629345,
                96.25984941320452,
                95.30395091875235,
                94.35265580389554
            ],
            [
                100,
                99.0,
                97.89243093922653,
                96.58662102941798,
                95.55630212802079,
                94.58571082543875,
                93.63587323499361
            ],
            [
                100,
                108.83333333333333,
                109.77790515653777,
                108.90627446981233,
                107.857857709981,
                106.78849647763164,
                105.72301359310981
            ]
        ],
        "cv": 0.0565526662569472,
        "influence": [
            [
                60.87310190445673,
                0.0,
                9.260802063327429
            ],
            [
                0.0,
                67.4214732349936,
                0.0
            ],
            [
                7.265153899438802,
                0.0,
                70.24781152978237
            ]
        ],
        "pop_per_round": [
            100,
            100.55555555555554,
            101.89605279312462,
            100.8984008051746,
            99.89133641706877,
            98.89271940727424,
            97.90384754399967
        ]
    }
}