{
    "0": {
        "JHG_STUFF": {
            "Popularity": [
                112.0,
                99.0,
                89.5
            ],
            "Influence": [
                [
                    19.0,
                    0.0,
                    0.0
                ],
                [
                    0.0,
                    19.0,
                    0.0
                ],
                [
                    13.0,
                    0.0,
                    9.5
                ]
            ],
            "T": [
                [
                    1.0,
                    0.0,
                    0.0
                ],
                [
                    0.0,
                    1.0,
                    0.0
                ],
                [
                    0.5,
                    0.0,
                    0.5
                ]
            ],
            "Old_Popularity": [
                112.0,
                99.0,
                89.5
            ]
        }
    },
    "1": {
        "JHG_STUFF": {
            "Popularity": [
                89.94409317803662,
                112.48148086522464,
                102.76034109816973
            ],
            "Influence": [
                [
                    16.097836938435943,
                    14.56,
                    14.56
                ],
                [
                    0.0,
                    33.92148086522462,
                    0.0
                ],
                [
                    9.846256239600667,
                    0.0,
                    24.200341098169716
                ]
            ],
            "T": [
                [
                    0.0,
                    0.5,
                    0.5
                ],
                [
                    0.0,
                    1.0,
                    0.0
                ],
                [
                    0.0,
                    0.0,
                    1.0
                ]
            ],
            "Old_Popularity": [
                100.0,
                100.0,
                100.0
            ]
        },
        "SC_STUFF": {
            "types_list": [
                -1,
                10,
                10
            ],
            "all_nodes": [
                {
                    "type": "CAUSE",
                    "text": "Cause 1",
                    "x_pos": 5.0,
                    "y_pos": 0.0,
                    "negatives_flag": false
                },
                {
                    "type": "CAUSE",
                    "text": "Cause 2",
                    "x_pos": -2.499999999999999,
                    "y_pos": 4.330127018922194,
                    "negatives_flag": false
                },
                {
                    "type": "CAUSE",
                    "text": "Cause 3",
                    "x_pos": -2.500000000000002,
                    "y_pos": -4.330127018922193,
                    "negatives_flag": false
                },
                {
                    "type": "Cause",
                    "text": ".",
                    "x_pos": 0,
                    "y_pos": 0,
                    "negatives_flag": false
                },
                {
                    "type": "PLAYER",
                    "text": "Player 1",
                    "x_pos": -4.440892098500626e-16,
                    "y_pos": 2.220446049250313e-16,
                    "negatives_flag": false
                },
                {
                    "type": "PLAYER",
                    "text": "Player 2",
                    "x_pos": -4.440892098500626e-16,
                    "y_pos": 2.220446049250313e-16,
                    "negatives_flag": false
                },
                {
                    "type": "PLAYER",
                    "text": "Player 3",
                    "x_pos": -4.440892098500626e-16,
                    "y_pos": 2.220446049250313e-16,
                    "negatives_flag": false
                }
            ],
            "all_votes": {
                "0": {
                    "0": 0,
                    "1": 0,
                    "2": 0
                },
                "1": {
                    "0": 0,
                    "1": 0,
                    "2": 0
                },
                "2": {
                    "0": 0,
                    "1": 0,
                    "2": 0
                }
            },
            "winning_vote": {
                "0": 0,
                "1": 0,
                "2": 0
            },
            "current_options_matrix": [
                [
                    6,
                    6,
                    6
                ],
                [
                    6,
                    6,
                    6
                ],
                [
                    6,
                    6,
                    6
                ]
            ],
            "scenario": "cheetahAttempt",
            "group": -1,
            "curr_round": 1,
            "cycle": 0,
            "chromosome": "experiment",
            "influence_matrix": [
                [
                    1.2000000000000002,
                    1.2000000000000002,
                    1.2000000000000002
                ],
                [
                    1.2000000000000002,
                    1.2000000000000002,
                    1.2000000000000002
                ],
                [
                    1.2000000000000002,
                    1.2000000000000002,
                    1.2000000000000002
                ]
            ],
            "results_sums": [
                28,
                28,
                28
            ],
            "results": {
                "0": [
                    10,
                    6,
                    6,
                    6
                ],
                "1": [
                    10,
                    6,
                    6,
                    6
                ],
                "2": [
                    10,
                    6,
                    6,
                    6
                ]
            },
            "peeps": [
                1,
                2,
                3
            ]
        }
    },
    "2": {
        "JHG_STUFF": {
            "Popularity": [
                82.1502347002426,
                111.74475915084986,
                93.62125347292593
            ],
            "Influence": [
                [
                    11.455674885936663,
                    10.429279373226223,
                    10.429279373226223
                ],
                [
                    0.0,
                    50.11547977762362,
                    0.0
                ],
                [
                    19.49455981430593,
                    0.0,
                    31.991974099699686
                ]
            ],
            "T": [
                [
                    0.0,
                    -0.5,
                    -0.5
                ],
                [
                    0.0,
                    1.0,
                    0.0
                ],
                [
                    0.4166666666666667,
                    0.0,
                    0.5833333333333334
                ]
            ],
            "Old_Popularity": [
                112.0,
                99.0,
                89.5
            ]
        },
        "SC_STUFF": {
            "types_list": [
                -1,
                10,
                10
            ],
            "all_nodes": [
                {
                    "type": "CAUSE",
                    "text": "Cause 1",
                    "x_pos": 5.0,
                    "y_pos": 0.0,
                    "negatives_flag": false
                },
                {
                    "type": "CAUSE",
                    "text": "Cause 2",
                    "x_pos": -2.499999999999999,
                    "y_pos": 4.330127018922194,